Bug,POVs
3D_Image_Toolkit,1
AIS-Lite,1
ASCII_Content_Server,5
ASL6parse,3
A_Game_of_Chance,1
Accel,2
Audio_Visualizer,1
Azurad,1
BIRC,1
Barcoder,1
BitBlaster,1
Bloomy_Sunday,6
Blubber,1
Board_Game,1
BudgIT,2
CGC_Board,3
CGC_File_System,1
CGC_Hangman_Game,3
CGC_Image_Parser,2
CGC_Planet_Markup_Language_Parser,7
CGC_Symbol_Viewer_CSV,4
CGC_Video_Format_Parser_and_Viewer,1
CLOUDCOMPUTE,1
CML,1
CNMP,1
COLLIDEOSCOPE,2
CTTP,3
CableGrind,181
CableGrindLlama,118
Carbonate,1
Casino_Games,4
Cereal_Mixup__A_Cereal_Vending_Machine_Controller,1
Character_Statistics,1
Charter,2
Checkmate,1
Childs_Game,2
Corinth,1
Cromulence_All_Service,3
DFARS_Sample_Service,1
Diary_Parser,4
Differ,1
Diophantine_Password_Wallet,5
Dive_Logger,2
Divelogger2,1
Document_Rendering_Engine,2
Dungeon_Master,2
ECM_TCM_Simulator,1
Eddy,2
Email_System_2,2
Enslavednode_chat,1
Estadio,1
EternalPass,2
FASTLANE,1
FISHYXML,2
FSK_BBS,3
FSK_Messaging_Service,1
FUN,1
FablesReport,5
FaceMag,1
Facilities_Access_Control_System,1
FailAV,1
FileSys,1
Filesystem_Command_Shell,1
Finicky_File_Folder,1
Flash_File_System,1
Flight_Routes,2
Fortress,1
GPS_Tracker,2
GREYMATTER,1
Game_Night,4
Glue,1
GreatView,4
Gridder,1
Griswold,4
Grit,1
H20FlowInc,1
HIGHCOO,1
HackMan,2
Headscratch,1
HeartThrob,4
HighFrequencyTradingAlgo,2
Hug_Game,1
INSULATR,1
Image_Compressor,1
KKVS,2
KTY_Pretty_Printer,5
Kaprica_Go,1
Kaprica_Script_Interpreter,9
LAN_Simulator,2
LMS,3
LazyCalc,1
Lazybox,2
Loud_Square_Instant_Messaging_Protocol_LSIMP,1
LulzChat,2
Matchmaker,2
Material_Temperature_Simulation,2
Mathematical_Solver,3
Matrix_Math_Calculator,1
Message_Service,1
Messaging,1
Minimalistic_Memo_Manager_3M,5
Mixology,1
Modern_Family_Tree,2
Monster_Game,1
Mount_Filemore,1
Movie_Rental_Service,1
Movie_Rental_Service_Redux,1
Multi_Arena_Pursuit_Simulator,1
Multi_User_Calendar,1
Multicast_Chat_Server,1
Multipass,1
Multipass2,3
Multipass3,3
Music_Store_Client,3
NarfAgainShell,2
NarfRPN,2
Network_File_System,1
Network_File_System_v3,1
Network_Queuing_Simulator,2
Neural_House,1
NoHiC,4
No_Paper._Not_Ever._NOPE,2
OTPSim,1
OUTLAW,2
On_Sale,2
One_Amp,1
One_Vote,2
Order_Up,9
Overflow_Parking,1
PCM_Message_decoder,1
PKK_Steganography,2
PRU,1
PTaaS,1
Pac_for_Edges,1
Packet_Analyzer,2
Packet_Receiver,2
Palindrome,1
Palindrome2,1
Parking_Permit_Management_System_PPMS,3
Particle_Simulator,1
Pattern_Finder,1
Personal_Fitness_Manager,1
Pipelined,1
Printer,1
QUIETSQUARE,1
QuadtreeConways,1
Query_Calculator,1
RAM_based_filesystem,2
REDPILL,1
REMATCH_1--Hat_Trick--Morris_Worm,3
REMATCH_2--Mail_Server--Crackaddr,1
REMATCH_3--Address_Resolution_Service--SQL_Slammer,1
REMATCH_4--CGCRPC_Server--MS08-067,1
REMATCH_5--File_Explorer--LNK_Bug,1
REMATCH_6--Secure_Server--Heartbleed,1
RRPN,2
Recipe_Database,3
Recipe_and_Pantry_Manager,1
Rejistar,2
Resort_Modeller,1
SAuth,1
SCUBA_Dive_Logging,2
SFTSCBSISS,1
SIGSEGV,2
SLUR_reference_implementation,2
SOLFEDGE,2
SPIFFS,2
Sad_Face_Template_Engine_SFTE,2
Sample_Shipgame,2
Scrum_Database,1
Secure_Compression,2
Sensr,1
Shipgame,2
Shortest_Path_Tree_Calculator,1
ShoutCTF,1
Simple_Stack_Machine,3
Single-Sign-On,1
Snail_Mail,1
Sorter,1
Space_Attackers,1
Square_Rabbit,1
Stock_Exchange_Simulator,1
Street_map_service,1
String_Info_Calculator,1
String_Storage_and_Retrieval,1
TAINTEDLOVE,4
TFTTP,1
TIACA,2
TVS,7
Tennis_Ball_Motion_Calculator,1
Terrible_Ticket_Tracker,1
TextSearch,2
The_Longest_Road,1
Thermal_Controller_v2,1
Thermal_Controller_v3,1
Tick-A-Tack,2
UTF-late,1
User_Manager,1
ValveChecks,6
Vector_Graphics_2,2
Vector_Graphics_Format,2
Venture_Calculator,1
Virtual_Machine,1
Water_Treatment_Facility_Simulator,1
WhackJack,1
WordCompletion,1
XStore,1
anagram_game,2
basic_emulator,3
basic_messaging,1
chess_mimic,1
commerce_webscale,2
cotton_swab_arithmetic,2
cyber_blogger,2
electronictrading,5
expression_database,1
greeter,4
hawaii_sets,2
humaninterface,2
matrices_for_sale,3
middleout,1
middleware_handshake,2
netstorage,1
online_job_application,1
online_job_application2,1
payroll,3
pizza_ordering_system,3
reallystream,1
root64_and_parcour,2
router_simulator,2
simpleOCR,2
simple_integer_calculator,4
simplenote,2
stack_vm,2
stream_vm,2
stream_vm2,1
tribute,1
university_enrollment,2
vFilter,1
virtual_pet,4
yolodex,1
